,precision,recall,f1-score,support,Timestamp
0,0.8473895582329317,0.844,0.845691382765531,1000.0,09102024_004605
1,0.9879154078549848,0.981,0.9844455594581034,1000.0,09102024_004605
2,0.8330170777988615,0.878,0.8549172346640701,1000.0,09102024_004605
3,0.9404255319148936,0.884,0.911340206185567,1000.0,09102024_004605
4,0.8536345776031434,0.869,0.8612487611496531,1000.0,09102024_004605
5,0.9742828882294756,0.985,0.9796121332670312,1000.0,09102024_004605
6,0.7365754812563323,0.727,0.7317564167086059,1000.0,09102024_004605
7,0.9683673469387756,0.949,0.9585858585858584,1000.0,09102024_004605
8,0.9732673267326732,0.983,0.9781094527363184,1000.0,09102024_004605
9,0.960435212660732,0.971,0.9656887120835406,1000.0,09102024_004605
accuracy,0.9071,0.9071,0.9071,0.9071,09102024_004605
macro avg,0.9075310409222804,0.9071,0.907139571760428,10000.0,09102024_004605
weighted avg,0.9075310409222804,0.9071,0.9071395717604278,10000.0,09102024_004605
0,0.8728260869565218,0.803,0.8364583333333333,1000.0,09102024_004838
1,0.9919110212335692,0.981,0.986425339366516,1000.0,09102024_004838
2,0.8376560999039385,0.872,0.854483096521313,1000.0,09102024_004838
3,0.9233954451345756,0.892,0.9074262461851476,1000.0,09102024_004838
4,0.8284910965323337,0.884,0.8553459119496856,1000.0,09102024_004838
5,0.9741293532338308,0.979,0.9765586034912718,1000.0,09102024_004838
6,0.7350597609561753,0.738,0.7365269461077845,1000.0,09102024_004838
7,0.959758551307847,0.954,0.9568706118355064,1000.0,09102024_004838
8,0.9750499001996008,0.977,0.976023976023976,1000.0,09102024_004838
9,0.9565217391304348,0.968,0.9622266401590456,1000.0,09102024_004838
accuracy,0.9048,0.9048,0.9048,0.9048,09102024_004838
macro avg,0.9054799054588828,0.9048,0.904834570497358,10000.0,09102024_004838
weighted avg,0.9054799054588828,0.9048,0.904834570497358,10000.0,09102024_004838
0,0.8274161735700197,0.839,0.8331678252234359,1000.0,09102024_011148
1,0.992849846782431,0.972,0.9823143001515916,1000.0,09102024_011148
2,0.8205625606207565,0.846,0.8330871491875923,1000.0,09102024_011148
3,0.8973029045643154,0.865,0.8808553971486762,1000.0,09102024_011148
4,0.7653333333333333,0.861,0.8103529411764706,1000.0,09102024_011148
5,0.9824922760041196,0.954,0.9680365296803652,1000.0,09102024_011148
6,0.7094515752625438,0.608,0.6548196015078083,1000.0,09102024_011148
7,0.9152542372881356,0.972,0.9427740058195926,1000.0,09102024_011148
8,0.9511241446725318,0.973,0.9619377162629758,1000.0,09102024_011148
9,0.9671457905544149,0.942,0.9544072948328268,1000.0,09102024_011148
accuracy,0.8832,0.8832,0.8832,0.8832,09102024_011148
macro avg,0.8828932842652601,0.8831999999999999,0.8821752760991336,10000.0,09102024_011148
weighted avg,0.88289328426526,0.8832,0.8821752760991336,10000.0,09102024_011148
0,0.8426395939086294,0.83,0.836272040302267,1000.0,09102024_011700
1,0.998965873836608,0.966,0.98220640569395,1000.0,09102024_011700
2,0.8420533070088845,0.853,0.8474913065077,1000.0,09102024_011700
3,0.8932527693856999,0.887,0.8901154039136979,1000.0,09102024_011700
4,0.7998180163785259,0.879,0.8375416865173892,1000.0,09102024_011700
5,0.9722772277227724,0.982,0.9771144278606964,1000.0,09102024_011700
6,0.6923890063424947,0.655,0.6731757451181911,1000.0,09102024_011700
7,0.9397473275024296,0.967,0.953178905864958,1000.0,09102024_011700
8,0.9806910569105692,0.965,0.972782258064516,1000.0,09102024_011700
9,0.9753593429158112,0.95,0.9625126646403244,1000.0,09102024_011700
accuracy,0.8934,0.8934,0.8934,0.8934,09102024_011700
macro avg,0.8937193521912423,0.8934,0.893239084448369,10000.0,09102024_011700
weighted avg,0.8937193521912424,0.8934,0.8932390844483691,10000.0,09102024_011700
0,0.7756138865368332,0.916,0.8399816597890876,1000.0,09102024_012126
1,0.9928571428571428,0.973,0.9828282828282828,1000.0,09102024_012126
2,0.7573715248525695,0.899,0.8221307727480567,1000.0,09102024_012126
3,0.8810226155358899,0.896,0.888448190381755,1000.0,09102024_012126
4,0.8458149779735683,0.768,0.8050314465408805,1000.0,09102024_012126
5,0.9934354485776804,0.908,0.9487983281086728,1000.0,09102024_012126
6,0.7617728531855956,0.55,0.6387921022067363,1000.0,09102024_012126
7,0.8845807033363391,0.981,0.930298719772404,1000.0,09102024_012126
8,0.969,0.969,0.969,1000.0,09102024_012126
9,0.9623217922606924,0.945,0.9535822401614532,1000.0,09102024_012126
accuracy,0.8805,0.8805,0.8805,0.8805,09102024_012126
macro avg,0.8823790945116311,0.8805,0.8778891742537329,10000.0,09102024_012126
weighted avg,0.8823790945116312,0.8805,0.8778891742537329,10000.0,09102024_012126
0,0.8461538461538461,0.836,0.8410462776659959,1000.0,09102024_012349
1,0.9979423868312756,0.97,0.9837728194726166,1000.0,09102024_012349
2,0.8250950570342205,0.868,0.8460038986354775,1000.0,09102024_012349
3,0.8463661453541859,0.92,0.881648298993771,1000.0,09102024_012349
4,0.7879890809827116,0.866,0.8251548356360171,1000.0,09102024_012349
5,0.9884696016771488,0.943,0.9651995905834186,1000.0,09102024_012349
6,0.7594458438287154,0.603,0.6722408026755853,1000.0,09102024_012349
7,0.8923076923076924,0.986,0.9368171021377673,1000.0,09102024_012349
8,0.9671314741035856,0.971,0.969061876247505,1000.0,09102024_012349
9,0.9767195767195768,0.923,0.9491002570694088,1000.0,09102024_012349
accuracy,0.8886,0.8886,0.8886,0.8886,09102024_012349
macro avg,0.888762070499296,0.8886,0.8870045759117563,10000.0,09102024_012349
weighted avg,0.888762070499296,0.8886,0.8870045759117564,10000.0,09102024_012349
0,0.8540856031128404,0.878,0.8658777120315582,1000.0,09102024_013356
1,0.9959141981613892,0.975,0.9853461344113188,1000.0,09102024_013356
2,0.847675568743818,0.857,0.852312282446544,1000.0,09102024_013356
3,0.901,0.901,0.901,1000.0,09102024_013356
4,0.7720338983050847,0.911,0.8357798165137614,1000.0,09102024_013356
5,0.97592778335005,0.973,0.9744616925388082,1000.0,09102024_013356
6,0.7900912646675359,0.606,0.6859083191850595,1000.0,09102024_013356
7,0.94831013916501,0.954,0.9511465603190428,1000.0,09102024_013356
8,0.9487427466150872,0.981,0.9646017699115044,1000.0,09102024_013356
9,0.9619238476953909,0.96,0.960960960960961,1000.0,09102024_013356
accuracy,0.8996,0.8996,0.8996,0.8996,09102024_013356
macro avg,0.8995705049816205,0.8995999999999998,0.8977395248318558,10000.0,09102024_013356
weighted avg,0.8995705049816206,0.8996,0.8977395248318558,10000.0,09102024_013356
0,0.7972027972027972,0.912,0.8507462686567164,1000.0,09102024_014349
1,0.9908536585365854,0.975,0.9828629032258064,1000.0,09102024_014349
2,0.8317214700193424,0.86,0.8456243854473943,1000.0,09102024_014349
3,0.926517571884984,0.87,0.8973697782362042,1000.0,09102024_014349
4,0.804162724692526,0.85,0.8264462809917356,1000.0,09102024_014349
5,0.9507722007722008,0.985,0.9675834970530452,1000.0,09102024_014349
6,0.7770618556701031,0.603,0.6790540540540541,1000.0,09102024_014349
7,0.9691489361702128,0.911,0.9391752577319588,1000.0,09102024_014349
8,0.9308712121212122,0.983,0.9562256809338522,1000.0,09102024_014349
9,0.9429400386847197,0.975,0.9587020648967552,1000.0,09102024_014349
accuracy,0.8924,0.8924,0.8924,0.8924,09102024_014349
macro avg,0.8921252465754683,0.8924,0.8903790171227521,10000.0,09102024_014349
weighted avg,0.8921252465754683,0.8924,0.8903790171227521,10000.0,09102024_014349
0,0.8330152671755725,0.873,0.8525390625,1000.0,09102024_014914
1,0.998963730569948,0.964,0.9811704834605598,1000.0,09102024_014914
2,0.8385786802030457,0.826,0.8322418136020151,1000.0,09102024_014914
3,0.9071428571428573,0.889,0.897979797979798,1000.0,09102024_014914
4,0.803921568627451,0.861,0.8314823756639305,1000.0,09102024_014914
5,0.9725888324873097,0.958,0.9652392947103274,1000.0,09102024_014914
6,0.7112299465240641,0.665,0.6873385012919897,1000.0,09102024_014914
7,0.927675988428158,0.962,0.944526264113893,1000.0,09102024_014914
8,0.9681908548707754,0.974,0.971086739780658,1000.0,09102024_014914
9,0.9676113360323888,0.956,0.9617706237424548,1000.0,09102024_014914
accuracy,0.8928,0.8928,0.8928,0.8928,09102024_014914
macro avg,0.8928919062061571,0.8927999999999999,0.8925374956845626,10000.0,09102024_014914
weighted avg,0.892891906206157,0.8928,0.8925374956845626,10000.0,09102024_014914
0,0.8348530901722391,0.824,0.8293910417715148,1000.0,09102024_015314
1,0.9979274611398964,0.963,0.9801526717557252,1000.0,09102024_015314
2,0.8761160714285714,0.785,0.8280590717299579,1000.0,09102024_015314
3,0.8492647058823529,0.924,0.8850574712643678,1000.0,09102024_015314
4,0.7969924812030075,0.848,0.8217054263565892,1000.0,09102024_015314
5,0.9634387351778656,0.975,0.9691848906560636,1000.0,09102024_015314
6,0.6816367265469062,0.683,0.6823176823176823,1000.0,09102024_015314
7,0.9546858908341916,0.927,0.9406392694063926,1000.0,09102024_015314
8,0.9766970618034448,0.964,0.9703069954705588,1000.0,09102024_015314
9,0.943579766536965,0.97,0.9566074950690336,1000.0,09102024_015314
accuracy,0.8863,0.8863,0.8863,0.8863,09102024_015314
macro avg,0.8875191990725441,0.8863000000000001,0.8863422015797886,10000.0,09102024_015314
weighted avg,0.887519199072544,0.8863,0.8863422015797885,10000.0,09102024_015314
0,0.8125,0.871,0.8407335907335908,1000.0,09102024_020238
1,0.9989701338825951,0.97,0.9842719431760528,1000.0,09102024_020238
2,0.8137614678899082,0.887,0.8488038277511962,1000.0,09102024_020238
3,0.8811121764141898,0.919,0.899657366617719,1000.0,09102024_020238
4,0.8775743707093822,0.767,0.8185699039487727,1000.0,09102024_020238
5,0.9700598802395208,0.972,0.971028971028971,1000.0,09102024_020238
6,0.7061909758656874,0.673,0.6891961085509473,1000.0,09102024_020238
7,0.9476334340382678,0.941,0.9443050677370798,1000.0,09102024_020238
8,0.9767911200807264,0.968,0.9723756906077348,1000.0,09102024_020238
9,0.95351137487636,0.964,0.9587270014917952,1000.0,09102024_020238
accuracy,0.8932,0.8932,0.8932,0.8932,09102024_020238
macro avg,0.8938104933996638,0.8932,0.892766947164386,10000.0,09102024_020238
weighted avg,0.8938104933996638,0.8932,0.892766947164386,10000.0,09102024_020238
0,0.8054054054054054,0.894,0.8473933649289099,1000.0,09102024_020343
1,0.9928716904276986,0.975,0.9838546922300706,1000.0,09102024_020343
2,0.829686013320647,0.872,0.8503169185763042,1000.0,09102024_020343
3,0.8929961089494164,0.918,0.9053254437869822,1000.0,09102024_020343
4,0.8743047830923248,0.786,0.8278041074249605,1000.0,09102024_020343
5,0.9683794466403162,0.98,0.974155069582505,1000.0,09102024_020343
6,0.7348734873487349,0.668,0.6998428496595076,1000.0,09102024_020343
7,0.9668449197860962,0.904,0.9343669250645996,1000.0,09102024_020343
8,0.9606299212598424,0.976,0.9682539682539684,1000.0,09102024_020343
9,0.9243856332703214,0.978,0.9504373177842566,1000.0,09102024_020343
accuracy,0.8951,0.8951,0.8951,0.8951,09102024_020343
macro avg,0.8950377409500803,0.8951,0.8941750657292065,10000.0,09102024_020343
weighted avg,0.8950377409500803,0.8951,0.8941750657292065,10000.0,09102024_020343
0,0.8942307692307693,0.744,0.8122270742358079,1000.0,09102024_020447
1,0.9655511811023622,0.981,0.9732142857142856,1000.0,09102024_020447
2,0.8973774230330672,0.787,0.838572189664358,1000.0,09102024_020447
3,0.9479905437352246,0.802,0.8689057421451788,1000.0,09102024_020447
4,0.7825342465753424,0.914,0.8431734317343174,1000.0,09102024_020447
5,0.952565343659245,0.984,0.9680275454992622,1000.0,09102024_020447
6,0.6201612903225806,0.769,0.6866071428571429,1000.0,09102024_020447
7,0.9711846318036286,0.91,0.9395973154362416,1000.0,09102024_020447
8,0.9681592039800996,0.973,0.970573566084788,1000.0,09102024_020447
9,0.9349904397705544,0.978,0.9560117302052786,1000.0,09102024_020447
accuracy,0.8842,0.8842,0.8842,0.8842,09102024_020447
macro avg,0.8934745073212873,0.8842000000000001,0.885691002357666,10000.0,09102024_020447
weighted avg,0.8934745073212874,0.8842,0.885691002357666,10000.0,09102024_020447
0,0.8417910447761194,0.846,0.8438902743142145,1000.0,09102024_021417
1,0.9858442871587462,0.975,0.9803921568627452,1000.0,09102024_021417
2,0.9028248587570622,0.799,0.8477453580901857,1000.0,09102024_021417
3,0.8696060037523452,0.927,0.8973862536302033,1000.0,09102024_021417
4,0.8321747765640516,0.838,0.8350772296960638,1000.0,09102024_021417
5,0.9615384615384616,0.975,0.968222442899702,1000.0,09102024_021417
6,0.6985221674876847,0.709,0.7037220843672457,1000.0,09102024_021417
7,0.9363992172211352,0.957,0.9465875370919882,1000.0,09102024_021417
8,0.959764474975466,0.978,0.9687964338781576,1000.0,09102024_021417
9,0.967280163599182,0.946,0.9565217391304348,1000.0,09102024_021417
accuracy,0.895,0.895,0.895,0.895,09102024_021417
macro avg,0.8955745455830254,0.8949999999999999,0.8948341509960942,10000.0,09102024_021417
weighted avg,0.8955745455830254,0.895,0.8948341509960941,10000.0,09102024_021417
0,0.8339552238805971,0.894,0.862934362934363,1000.0,09102024_021906
1,0.9908536585365854,0.975,0.9828629032258064,1000.0,09102024_021906
2,0.7719148936170213,0.907,0.8340229885057471,1000.0,09102024_021906
3,0.906093906093906,0.907,0.9065467266366816,1000.0,09102024_021906
4,0.8707093821510298,0.761,0.8121664887940235,1000.0,09102024_021906
5,0.975,0.975,0.975,1000.0,09102024_021906
6,0.7585812356979404,0.663,0.7075773745997865,1000.0,09102024_021906
7,0.9509018036072144,0.949,0.94994994994995,1000.0,09102024_021906
8,0.9644970414201184,0.978,0.971201588877855,1000.0,09102024_021906
9,0.9553571428571428,0.963,0.959163346613546,1000.0,09102024_021906
accuracy,0.8972,0.8972,0.8972,0.8972,09102024_021906
macro avg,0.8977864287861556,0.8972,0.8961425730137759,10000.0,09102024_021906
weighted avg,0.8977864287861556,0.8972,0.8961425730137759,10000.0,09102024_021906
0,0.8076225045372051,0.89,0.8468125594671742,1000.0,09102024_022629
1,0.9938271604938272,0.966,0.9797160243407708,1000.0,09102024_022629
2,0.8387715930902111,0.874,0.8560235063663075,1000.0,09102024_022629
3,0.9258474576271186,0.874,0.8991769547325102,1000.0,09102024_022629
4,0.8235294117647058,0.854,0.8384879725085911,1000.0,09102024_022629
5,0.9693372898120672,0.98,0.974639482844356,1000.0,09102024_022629
6,0.7301414581066377,0.671,0.6993225638353309,1000.0,09102024_022629
7,0.946840521564694,0.944,0.9454181271907862,1000.0,09102024_022629
8,0.9846153846153848,0.96,0.9721518987341772,1000.0,09102024_022629
9,0.961038961038961,0.962,0.96151924037981,1000.0,09102024_022629
accuracy,0.8975,0.8975,0.8975,0.8975,09102024_022629
macro avg,0.8981571742650812,0.8975,0.8973268330399813,10000.0,09102024_022629
weighted avg,0.8981571742650812,0.8975,0.8973268330399813,10000.0,09102024_022629
0,0.7945084145261293,0.897,0.8426491310474401,1000.0,09102024_091931
1,0.9908536585365854,0.975,0.9828629032258064,1000.0,09102024_091931
2,0.8493975903614458,0.846,0.8476953907815631,1000.0,09102024_091931
3,0.8797653958944281,0.9,0.8897676717745922,1000.0,09102024_091931
4,0.855923159018143,0.802,0.8280846670108415,1000.0,09102024_091931
5,0.984552008238929,0.956,0.9700659563673262,1000.0,09102024_091931
6,0.7112299465240641,0.665,0.6873385012919897,1000.0,09102024_091931
7,0.8943533697632058,0.982,0.9361296472831268,1000.0,09102024_091931
8,0.9788092835519676,0.97,0.9743847312908086,1000.0,09102024_091931
9,0.9861111111111112,0.923,0.9535123966942148,1000.0,09102024_091931
accuracy,0.8916,0.8916,0.8916,0.8916,09102024_091931
macro avg,0.8925503937526009,0.8916000000000001,0.891249099676771,10000.0,09102024_091931
weighted avg,0.8925503937526009,0.8916,0.8912490996767709,10000.0,09102024_091931
0,0.8383060635226179,0.871,0.8543403629230014,1000.0,09102024_092308
1,0.992878942014242,0.976,0.984367120524458,1000.0,09102024_092308
2,0.8588832487309644,0.846,0.8523929471032745,1000.0,09102024_092308
3,0.8993963782696177,0.894,0.8966900702106319,1000.0,09102024_092308
4,0.8122109158186864,0.878,0.8438250840941854,1000.0,09102024_092308
5,0.9882854100106496,0.928,0.9571944301186178,1000.0,09102024_092308
6,0.7251908396946565,0.665,0.693792383933229,1000.0,09102024_092308
7,0.8816725978647687,0.991,0.9331450094161958,1000.0,09102024_092308
8,0.9799196787148594,0.976,0.9779559118236472,1000.0,09102024_092308
9,0.9819532908704884,0.925,0.952626158599382,1000.0,09102024_092308
accuracy,0.895,0.895,0.895,0.895,09102024_092308
macro avg,0.8958697365511551,0.8949999999999999,0.8946329478746623,10000.0,09102024_092308
weighted avg,0.8958697365511551,0.895,0.8946329478746624,10000.0,09102024_092308
0,0.8563995837669095,0.823,0.8393676695563488,1000.0,09102024_100417
1,0.987866531850354,0.977,0.9824032176973352,1000.0,09102024_100417
2,0.8378119001919386,0.873,0.8550440744368266,1000.0,09102024_100417
3,0.8917322834645669,0.906,0.8988095238095238,1000.0,09102024_100417
4,0.8294117647058824,0.846,0.8376237623762376,1000.0,09102024_100417
5,0.974721941354904,0.964,0.9693313222724989,1000.0,09102024_100417
6,0.7192429022082019,0.684,0.7011788826242953,1000.0,09102024_100417
7,0.95630081300813,0.941,0.9485887096774194,1000.0,09102024_100417
8,0.9652087475149106,0.971,0.9680957128614156,1000.0,09102024_100417
9,0.9395393474088292,0.979,0.9588638589618022,1000.0,09102024_100417
accuracy,0.8964,0.8964,0.8964,0.8964,09102024_100417
macro avg,0.8958235815474627,0.8963999999999999,0.8959306734273703,10000.0,09102024_100417
weighted avg,0.8958235815474627,0.8964,0.8959306734273703,10000.0,09102024_100417
0,0.8612593383137673,0.807,0.8332472896231286,1000.0,09102024_112243
1,0.997948717948718,0.973,0.9853164556962024,1000.0,09102024_112243
2,0.8263305322128851,0.885,0.8546595847416707,1000.0,09102024_112243
3,0.8923679060665362,0.912,0.9020771513353116,1000.0,09102024_112243
4,0.8456852791878172,0.833,0.839294710327456,1000.0,09102024_112243
5,0.9410085632730733,0.989,0.9644076060458312,1000.0,09102024_112243
6,0.7036669970267592,0.71,0.7068193130910901,1000.0,09102024_112243
7,0.9652996845425869,0.918,0.9410558687852384,1000.0,09102024_112243
8,0.9768378650553876,0.97,0.973406924234822,1000.0,09102024_112243
9,0.9582504970178928,0.964,0.9611166500498504,1000.0,09102024_112243
accuracy,0.8961,0.8961,0.8961,0.8961,09102024_112243
macro avg,0.8968655380645423,0.8961,0.8961401553930604,10000.0,09102024_112243
weighted avg,0.8968655380645423,0.8961,0.8961401553930602,10000.0,09102024_112243
0,0.841642228739003,0.861,0.8512110726643599,1000.0,09102024_122907
1,0.9772502472799208,0.988,0.9825957235206364,1000.0,09102024_122907
2,0.8275538894095595,0.883,0.8543783260764393,1000.0,09102024_122907
3,0.8904109589041096,0.91,0.9000989119683481,1000.0,09102024_122907
4,0.7968892955169259,0.871,0.8322981366459627,1000.0,09102024_122907
5,0.9823834196891192,0.948,0.964885496183206,1000.0,09102024_122907
6,0.7610619469026548,0.602,0.672250139586823,1000.0,09102024_122907
7,0.947,0.947,0.947,1000.0,09102024_122907
8,0.9867751780264497,0.97,0.978315683308119,1000.0,09102024_122907
9,0.9358851674641148,0.978,0.956479217603912,1000.0,09102024_122907
accuracy,0.8958,0.8958,0.8958,0.8958,09102024_122907
macro avg,0.8946852331931858,0.8958,0.8939512707557806,10000.0,09102024_122907
weighted avg,0.8946852331931859,0.8958,0.8939512707557807,10000.0,09102024_122907
0,0.846077457795432,0.852,0.8490284005979073,1000.0,09102024_123008
1,0.9969167523124358,0.97,0.983274201723264,1000.0,09102024_123008
2,0.7971656333038086,0.9,0.8454673555659934,1000.0,09102024_123008
3,0.8900883218842002,0.907,0.8984645864289252,1000.0,09102024_123008
4,0.8471074380165289,0.82,0.8333333333333334,1000.0,09102024_123008
5,0.9876160990712074,0.957,0.9720670391061452,1000.0,09102024_123008
6,0.7387387387387387,0.656,0.6949152542372882,1000.0,09102024_123008
7,0.9232954545454546,0.975,0.9484435797665368,1000.0,09102024_123008
8,0.9644268774703556,0.976,0.9701789264413518,1000.0,09102024_123008
9,0.9744637385086824,0.954,0.9641232945932288,1000.0,09102024_123008
accuracy,0.8967,0.8967,0.8967,0.8967,09102024_123008
macro avg,0.8965896511646845,0.8967,0.8959295971793976,10000.0,09102024_123008
weighted avg,0.8965896511646845,0.8967,0.8959295971793974,10000.0,09102024_123008
0,0.8114233907524931,0.895,0.8511650023775559,1000.0,09102024_123143
1,0.9979445015416238,0.971,0.9842878864673088,1000.0,09102024_123143
2,0.8350810295519543,0.876,0.8550512445095169,1000.0,09102024_123143
3,0.9000989119683481,0.91,0.905022376926902,1000.0,09102024_123143
4,0.8179271708683473,0.876,0.8459681313375181,1000.0,09102024_123143
5,0.9713438735177866,0.983,0.9771371769383698,1000.0,09102024_123143
6,0.777363184079602,0.625,0.6929046563192904,1000.0,09102024_123143
7,0.9482587064676616,0.953,0.9506234413965088,1000.0,09102024_123143
8,0.985699693564862,0.965,0.9752400202122284,1000.0,09102024_123143
9,0.9657603222557906,0.959,0.9623682890115404,1000.0,09102024_123143
accuracy,0.9013,0.9013,0.9013,0.9013,09102024_123143
macro avg,0.9010900784568472,0.9013,0.8999768225496739,10000.0,09102024_123143
weighted avg,0.901090078456847,0.9013,0.8999768225496738,10000.0,09102024_123143
0,0.8199052132701422,0.865,0.8418491484184915,1000.0,09102024_123309
1,0.997948717948718,0.973,0.9853164556962024,1000.0,09102024_123309
2,0.8025134649910234,0.894,0.8457899716177862,1000.0,09102024_123309
3,0.916754478398314,0.87,0.8927655207798871,1000.0,09102024_123309
4,0.8487394957983193,0.808,0.8278688524590164,1000.0,09102024_123309
5,0.9988662131519276,0.881,0.9362380446333688,1000.0,09102024_123309
6,0.7122844827586207,0.661,0.6856846473029046,1000.0,09102024_123309
7,0.8844404003639672,0.972,0.9261553120533588,1000.0,09102024_123309
8,0.9588638589618022,0.979,0.9688273132112816,1000.0,09102024_123309
9,0.9453658536585364,0.969,0.957037037037037,1000.0,09102024_123309
accuracy,0.8872,0.8872,0.8872,0.8872,09102024_123309
macro avg,0.8885682179301371,0.8872,0.8867532303209333,10000.0,09102024_123309
weighted avg,0.8885682179301372,0.8872,0.8867532303209334,10000.0,09102024_123309
0,0.8522267206477733,0.842,0.8470824949698189,1000.0,09102024_123444
1,0.9908536585365854,0.975,0.9828629032258064,1000.0,09102024_123444
2,0.8466796875,0.867,0.8567193675889329,1000.0,09102024_123444
3,0.8691588785046729,0.93,0.8985507246376812,1000.0,09102024_123444
4,0.8544891640866873,0.828,0.8410360589131539,1000.0,09102024_123444
5,0.9732673267326732,0.983,0.9781094527363184,1000.0,09102024_123444
6,0.7170010559662091,0.679,0.6974833076527992,1000.0,09102024_123444
7,0.9458661417322834,0.961,0.953373015873016,1000.0,09102024_123444
8,0.966403162055336,0.978,0.9721669980119284,1000.0,09102024_123444
9,0.9724489795918368,0.953,0.9626262626262626,1000.0,09102024_123444
accuracy,0.8996,0.8996,0.8996,0.8996,09102024_123444
macro avg,0.8988394775354058,0.8995999999999998,0.8990010586235717,10000.0,09102024_123444
weighted avg,0.8988394775354058,0.8996,0.8990010586235718,10000.0,09102024_123444
0,0.8722044728434505,0.819,0.8447653429602888,1000.0,09102024_123606
1,0.977205153617443,0.986,0.9815828770532604,1000.0,09102024_123606
2,0.8485436893203884,0.874,0.8610837438423645,1000.0,09102024_123606
3,0.8966202783300199,0.902,0.8993020937188435,1000.0,09102024_123606
4,0.8599585062240664,0.829,0.8441955193482689,1000.0,09102024_123606
5,0.9886947584789312,0.962,0.9751647237709072,1000.0,09102024_123606
6,0.6940509915014165,0.735,0.7139388052452647,1000.0,09102024_123606
7,0.9441723800195886,0.964,0.9539831766452253,1000.0,09102024_123606
8,0.9758551307847082,0.97,0.9729187562688064,1000.0,09102024_123606
9,0.9621890547263682,0.967,0.9645885286783042,1000.0,09102024_123606
accuracy,0.9008,0.9008,0.9008,0.9008,09102024_123606
macro avg,0.901949441584638,0.9008,0.9011523567531532,10000.0,09102024_123606
weighted avg,0.901949441584638,0.9008,0.9011523567531534,10000.0,09102024_123606
0,0.8336538461538462,0.867,0.85,1000.0,09102024_123854
1,0.9948979591836736,0.975,0.9848484848484848,1000.0,09102024_123854
2,0.8352380952380952,0.877,0.855609756097561,1000.0,09102024_123854
3,0.8853564547206165,0.919,0.9018645731108932,1000.0,09102024_123854
4,0.8625792811839323,0.816,0.8386433710174718,1000.0,09102024_123854
5,0.9866255144032922,0.959,0.9726166328600404,1000.0,09102024_123854
6,0.7191709844559585,0.694,0.7063613231552163,1000.0,09102024_123854
7,0.92680608365019,0.975,0.9502923976608189,1000.0,09102024_123854
8,0.983640081799591,0.962,0.9726996966632964,1000.0,09102024_123854
9,0.9703779366700716,0.95,0.9600808489135928,1000.0,09102024_123854
accuracy,0.8994,0.8994,0.8994,0.8994,09102024_123854
macro avg,0.8998346237459268,0.8994,0.8993017084327375,10000.0,09102024_123854
weighted avg,0.8998346237459267,0.8994,0.8993017084327375,10000.0,09102024_123854
0,0.8107109879963066,0.878,0.8430148823811809,1000.0,09102024_124348
1,0.9959183673469388,0.976,0.985858585858586,1000.0,09102024_124348
2,0.7218282111899134,0.916,0.8074041427941825,1000.0,09102024_124348
3,0.8732261116367077,0.923,0.8974234321827905,1000.0,09102024_124348
4,0.8953804347826086,0.659,0.7592165898617511,1000.0,09102024_124348
5,0.9935414424111948,0.923,0.9569725246241576,1000.0,09102024_124348
6,0.7493734335839599,0.598,0.6651835372636262,1000.0,09102024_124348
7,0.9135802469135802,0.962,0.9371651242084754,1000.0,09102024_124348
8,0.9179869524697112,0.985,0.9503135552339604,1000.0,09102024_124348
9,0.9481409001956947,0.969,0.9584569732937686,1000.0,09102024_124348
accuracy,0.8789,0.8789,0.8789,0.8789,09102024_124348
macro avg,0.8819687088526615,0.8789000000000001,0.876100934770248,10000.0,09102024_124348
weighted avg,0.8819687088526617,0.8789,0.876100934770248,10000.0,09102024_124348
0,0.8636363636363636,0.836,0.8495934959349594,1000.0,09102024_124444
1,0.9959058341862844,0.973,0.9843196762771876,1000.0,09102024_124444
2,0.8430622009569378,0.881,0.8616136919315404,1000.0,09102024_124444
3,0.8763082778306375,0.921,0.8980984885421746,1000.0,09102024_124444
4,0.8489208633093526,0.826,0.8373035985808414,1000.0,09102024_124444
5,0.9857433808553973,0.968,0.9767911200807264,1000.0,09102024_124444
6,0.7142857142857143,0.695,0.7045108971109985,1000.0,09102024_124444
7,0.928842504743833,0.979,0.9532619279454724,1000.0,09102024_124444
8,0.9711155378486056,0.975,0.9730538922155688,1000.0,09102024_124444
9,0.9763617677286742,0.95,0.963000506842372,1000.0,09102024_124444
accuracy,0.9004,0.9004,0.9004,0.9004,09102024_124444
macro avg,0.9004182445381801,0.9004,0.9001547295461843,10000.0,09102024_124444
weighted avg,0.9004182445381801,0.9004,0.9001547295461841,10000.0,09102024_124444
0,0.8747323340471093,0.817,0.8448810754912099,1000.0,09102024_124540
1,0.9839357429718876,0.98,0.9819639278557114,1000.0,09102024_124540
2,0.8473581213307241,0.866,0.8565776458951533,1000.0,09102024_124540
3,0.921218487394958,0.877,0.8985655737704918,1000.0,09102024_124540
4,0.8405088062622309,0.859,0.8496538081107814,1000.0,09102024_124540
5,0.973293768545994,0.984,0.9786176031824962,1000.0,09102024_124540
6,0.6915799432355724,0.731,0.7107438016528925,1000.0,09102024_124540
7,0.9558232931726908,0.952,0.9539078156312624,1000.0,09102024_124540
8,0.957801766437684,0.976,0.9668152550767708,1000.0,09102024_124540
9,0.9677093844601412,0.959,0.9633350075339026,1000.0,09102024_124540
accuracy,0.9001,0.9001,0.9001,0.9001,09102024_124540
macro avg,0.9013961647858992,0.9000999999999999,0.9005061514200673,10000.0,09102024_124540
weighted avg,0.9013961647858992,0.9001,0.9005061514200674,10000.0,09102024_124540
0,0.8158131176999102,0.908,0.8594415522953147,1000.0,09102024_125413
1,0.9969230769230768,0.972,0.9843037974683544,1000.0,09102024_125413
2,0.8280961182994455,0.896,0.8607108549471661,1000.0,09102024_125413
3,0.9113545816733069,0.915,0.9131736526946108,1000.0,09102024_125413
4,0.8469891411648569,0.858,0.8524590163934426,1000.0,09102024_125413
5,0.982017982017982,0.983,0.9825087456271864,1000.0,09102024_125413
6,0.8004956629491945,0.646,0.7149972329828445,1000.0,09102024_125413
7,0.9622266401590456,0.968,0.9651046859421736,1000.0,09102024_125413
8,0.9798994974874372,0.975,0.9774436090225564,1000.0,09102024_125413
9,0.9651394422310756,0.969,0.9670658682634732,1000.0,09102024_125413
accuracy,0.909,0.909,0.909,0.909,09102024_125413
macro avg,0.9088955260605333,0.909,0.9077209015637124,10000.0,09102024_125413
weighted avg,0.9088955260605333,0.909,0.9077209015637124,10000.0,09102024_125413
0,0.8802197802197802,0.801,0.8387434554973822,1000.0,09102024_125850
1,0.9959390862944164,0.981,0.9884130982367758,1000.0,09102024_125850
2,0.7798319327731092,0.928,0.8474885844748858,1000.0,09102024_125850
3,0.8947368421052632,0.935,0.9144254278728606,1000.0,09102024_125850
4,0.8690721649484536,0.843,0.8558375634517766,1000.0,09102024_125850
5,0.9888551165146908,0.976,0.9823855057876196,1000.0,09102024_125850
6,0.7691441441441441,0.683,0.7235169491525424,1000.0,09102024_125850
7,0.941233140655106,0.977,0.9587831207065752,1000.0,09102024_125850
8,0.9731876861966235,0.98,0.9765819631290484,1000.0,09102024_125850
9,0.973469387755102,0.954,0.9636363636363636,1000.0,09102024_125850
accuracy,0.9058,0.9058,0.9058,0.9058,09102024_125850
macro avg,0.906568928160669,0.9058000000000002,0.904981203194583,10000.0,09102024_125850
weighted avg,0.906568928160669,0.9058,0.9049812031945832,10000.0,09102024_125850
0,0.8634097706879362,0.866,0.8647029455816275,1000.0,09102024_130016
1,0.9958847736625516,0.968,0.9817444219066938,1000.0,09102024_130016
2,0.8568627450980392,0.874,0.8653465346534653,1000.0,09102024_130016
3,0.9027237354085604,0.928,0.9151873767258384,1000.0,09102024_130016
4,0.8661257606490872,0.854,0.8600201409869084,1000.0,09102024_130016
5,0.9957582184517496,0.939,0.96654657745754,1000.0,09102024_130016
6,0.7460474308300395,0.755,0.7504970178926441,1000.0,09102024_130016
7,0.9139382600561272,0.977,0.944417593040116,1000.0,09102024_130016
8,0.9938080495356038,0.963,0.978161503301168,1000.0,09102024_130016
9,0.9649298597194388,0.963,0.963963963963964,1000.0,09102024_130016
accuracy,0.9087,0.9087,0.9087,0.9087,09102024_130016
macro avg,0.9099488604099132,0.9086999999999998,0.9090588075509968,10000.0,09102024_130016
weighted avg,0.9099488604099132,0.9087,0.9090588075509968,10000.0,09102024_130016
0,0.8769551616266945,0.841,0.8586013272077591,1000.0,09102024_134237
1,0.9979381443298968,0.968,0.9827411167512692,1000.0,09102024_134237
2,0.8895966029723992,0.838,0.86302780638517,1000.0,09102024_134237
3,0.9127382146439318,0.91,0.9113670505758638,1000.0,09102024_134237
4,0.813953488372093,0.91,0.8593012275731823,1000.0,09102024_134237
5,0.9820359281437124,0.984,0.983016983016983,1000.0,09102024_134237
6,0.736318407960199,0.74,0.7381546134663342,1000.0,09102024_134237
7,0.9316888045540797,0.982,0.9561830574488802,1000.0,09102024_134237
8,0.9780658025922232,0.981,0.979530703944084,1000.0,09102024_134237
9,0.9863157894736844,0.937,0.961025641025641,1000.0,09102024_134237
accuracy,0.9091,0.9091,0.9091,0.9091,09102024_134237
macro avg,0.9105606344668914,0.9091,0.9092949527395168,10000.0,09102024_134237
weighted avg,0.9105606344668916,0.9091,0.9092949527395168,10000.0,09102024_134237
0,0.8825995807127882,0.842,0.8618219037871033,1000.0,09102024_134442
1,0.9859013091641492,0.979,0.982438534872052,1000.0,09102024_134442
2,0.8791666666666667,0.844,0.8612244897959184,1000.0,09102024_134442
3,0.9295199182839632,0.91,0.9196563921172308,1000.0,09102024_134442
4,0.8277777777777777,0.894,0.8596153846153847,1000.0,09102024_134442
5,0.982982982982983,0.982,0.9824912456228114,1000.0,09102024_134442
6,0.7330754352030948,0.758,0.7453294001966568,1000.0,09102024_134442
7,0.9574678536102867,0.968,0.9627051218299354,1000.0,09102024_134442
8,0.9818731117824774,0.975,0.9784244856999498,1000.0,09102024_134442
9,0.9699097291875628,0.967,0.9684526790185278,1000.0,09102024_134442
accuracy,0.9119,0.9119,0.9119,0.9119,09102024_134442
macro avg,0.9130274365371752,0.9119,0.9122159637555572,10000.0,09102024_134442
weighted avg,0.913027436537175,0.9119,0.9122159637555568,10000.0,09102024_134442
0,0.875531914893617,0.823,0.8484536082474227,1000.0,09102024_134557
1,0.978021978021978,0.979,0.9785107446276862,1000.0,09102024_134557
2,0.8919786096256684,0.834,0.862015503875969,1000.0,09102024_134557
3,0.92534174553102,0.88,0.902101486417222,1000.0,09102024_134557
4,0.873855544252289,0.859,0.8663640948058497,1000.0,09102024_134557
5,0.9898580121703854,0.976,0.9828801611278952,1000.0,09102024_134557
6,0.6833616298811545,0.805,0.7392102846648301,1000.0,09102024_134557
7,0.9352997145575642,0.983,0.9585568015602144,1000.0,09102024_134557
8,0.9702675916749256,0.979,0.9746142359382778,1000.0,09102024_134557
9,0.9782608695652174,0.945,0.9613428280773144,1000.0,09102024_134557
accuracy,0.9063,0.9063,0.9063,0.9063,09102024_134557
macro avg,0.910177761017382,0.9063,0.907404974934268,10000.0,09102024_134557
weighted avg,0.910177761017382,0.9063,0.907404974934268,10000.0,09102024_134557
0,0.8517073170731707,0.873,0.8622222222222222,1000.0,09102024_134716
1,0.9761668321747764,0.983,0.979571499750872,1000.0,09102024_134716
2,0.8261269549218031,0.898,0.8605654048873982,1000.0,09102024_134716
3,0.9311783107403544,0.893,0.9116896375701888,1000.0,09102024_134716
4,0.8445945945945946,0.875,0.8595284872298625,1000.0,09102024_134716
5,0.9909182643794148,0.982,0.9864389753892516,1000.0,09102024_134716
6,0.8052995391705069,0.699,0.7483940042826552,1000.0,09102024_134716
7,0.9732234809474768,0.945,0.958904109589041,1000.0,09102024_134716
8,0.9647058823529412,0.984,0.9742574257425742,1000.0,09102024_134716
9,0.944980694980695,0.979,0.9616895874263262,1000.0,09102024_134716
accuracy,0.9111,0.9111,0.9111,0.9111,09102024_134716
macro avg,0.9108901871335734,0.9111,0.9103261354090392,10000.0,09102024_134716
weighted avg,0.9108901871335736,0.9111,0.9103261354090392,10000.0,09102024_134716
0,0.8381665107577175,0.896,0.8661188980183664,1000.0,09102024_134807
1,0.9888663967611336,0.977,0.9828973843058352,1000.0,09102024_134807
2,0.8730964467005076,0.86,0.8664987405541562,1000.0,09102024_134807
3,0.924643584521385,0.908,0.9162462159434914,1000.0,09102024_134807
4,0.7843959731543624,0.935,0.8531021897810219,1000.0,09102024_134807
5,0.9889224572004028,0.982,0.985449071751129,1000.0,09102024_134807
6,0.8128950695322377,0.643,0.718034617532105,1000.0,09102024_134807
7,0.9642502482621648,0.971,0.9676133532635774,1000.0,09102024_134807
8,0.9778002018163472,0.969,0.9733802109492716,1000.0,09102024_134807
9,0.9710578842315368,0.973,0.972027972027972,1000.0,09102024_134807
accuracy,0.9114,0.9114,0.9114,0.9114,09102024_134807
macro avg,0.9124094772937796,0.9114,0.9101368654126926,10000.0,09102024_134807
weighted avg,0.9124094772937796,0.9114,0.9101368654126928,10000.0,09102024_134807
0,0.9007891770011274,0.799,0.8468468468468469,1000.0,09102024_134908
1,0.9839518555667,0.981,0.9824737105658488,1000.0,09102024_134908
2,0.926070038910506,0.714,0.8063241106719368,1000.0,09102024_134908
3,0.9160696008188332,0.895,0.9054122407688416,1000.0,09102024_134908
4,0.813543599257885,0.877,0.8440808469682387,1000.0,09102024_134908
5,0.979187314172448,0.988,0.9835739173718268,1000.0,09102024_134908
6,0.641965678627145,0.823,0.7212971078001753,1000.0,09102024_134908
7,0.9726996966632964,0.962,0.9673202614379084,1000.0,09102024_134908
8,0.9722772277227724,0.982,0.9771144278606964,1000.0,09102024_134908
9,0.972,0.972,0.972,1000.0,09102024_134908
accuracy,0.8993,0.8993,0.8993,0.8993,09102024_134908
macro avg,0.9078554188740712,0.8992999999999999,0.900644347029232,10000.0,09102024_134908
weighted avg,0.9078554188740712,0.8993,0.9006443470292321,10000.0,09102024_134908
0,0.8861702127659574,0.833,0.8587628865979381,1000.0,09102024_135054
1,0.9938837920489296,0.975,0.984351337708228,1000.0,09102024_135054
2,0.8635897435897436,0.842,0.8526582278481013,1000.0,09102024_135054
3,0.9133937562940584,0.907,0.9101856497742096,1000.0,09102024_135054
4,0.8362790697674418,0.899,0.8665060240963856,1000.0,09102024_135054
5,0.9908814589665652,0.978,0.984398590840463,1000.0,09102024_135054
6,0.7374031007751938,0.761,0.7490157480314961,1000.0,09102024_135054
7,0.9675456389452332,0.954,0.9607250755287008,1000.0,09102024_135054
8,0.9790209790209792,0.98,0.9795102448775612,1000.0,09102024_135054
9,0.9514563106796116,0.98,0.9655172413793104,1000.0,09102024_135054
accuracy,0.9109,0.9109,0.9109,0.9109,09102024_135054
macro avg,0.9119624062853712,0.9109,0.9111631026682394,10000.0,09102024_135054
weighted avg,0.9119624062853714,0.9109,0.9111631026682396,10000.0,09102024_135054
0,0.8932584269662921,0.795,0.8412698412698413,1000.0,09102024_135201
1,0.9908536585365854,0.975,0.9828629032258064,1000.0,09102024_135201
2,0.8681204569055037,0.836,0.8517575140091697,1000.0,09102024_135201
3,0.9267782426778244,0.886,0.9059304703476484,1000.0,09102024_135201
4,0.86839481555334,0.871,0.8696954568147778,1000.0,09102024_135201
5,0.978131212723658,0.984,0.9810568295114656,1000.0,09102024_135201
6,0.6688796680497925,0.806,0.7310657596371882,1000.0,09102024_135201
7,0.9646107178968656,0.954,0.9592760180995475,1000.0,09102024_135201
8,0.9818913480885312,0.976,0.978936810431294,1000.0,09102024_135201
9,0.9623762376237625,0.972,0.9671641791044776,1000.0,09102024_135201
accuracy,0.9055,0.9055,0.9055,0.9055,09102024_135201
macro avg,0.9103294785022154,0.9055,0.9069015782451216,10000.0,09102024_135201
weighted avg,0.9103294785022156,0.9055,0.9069015782451216,10000.0,09102024_135201
0,0.8768920282542886,0.869,0.8729281767955801,1000.0,09102024_135242
1,0.9898785425101214,0.978,0.9839034205231388,1000.0,09102024_135242
2,0.8693918245264207,0.872,0.8706939590614079,1000.0,09102024_135242
3,0.9057899901864572,0.923,0.9143140168400198,1000.0,09102024_135242
4,0.851145038167939,0.892,0.87109375,1000.0,09102024_135242
5,0.9839034205231388,0.978,0.9809428284854564,1000.0,09102024_135242
6,0.7691489361702127,0.723,0.7453608247422681,1000.0,09102024_135242
7,0.9445525291828794,0.971,0.9575936883629192,1000.0,09102024_135242
8,0.973,0.973,0.973,1000.0,09102024_135242
9,0.9716885743174924,0.961,0.9663147310206134,1000.0,09102024_135242
accuracy,0.914,0.914,0.914,0.914,09102024_135242
macro avg,0.913539088383895,0.914,0.9136145395831404,10000.0,09102024_135242
weighted avg,0.9135390883838952,0.914,0.9136145395831404,10000.0,09102024_135242
0,0.8896174863387978,0.814,0.850130548302872,1000.0,09102024_135324
1,0.995893223819302,0.97,0.982776089159068,1000.0,09102024_135324
2,0.8555776892430279,0.859,0.8572854291417166,1000.0,09102024_135324
3,0.927645788336933,0.859,0.8920041536863966,1000.0,09102024_135324
4,0.797153024911032,0.896,0.8436911487758946,1000.0,09102024_135324
5,0.9878172588832488,0.973,0.980352644836272,1000.0,09102024_135324
6,0.7175141242937854,0.762,0.7390882638215325,1000.0,09102024_135324
7,0.9431599229287092,0.979,0.9607458292443573,1000.0,09102024_135324
8,0.9767676767676768,0.967,0.971859296482412,1000.0,09102024_135324
9,0.9775967413441956,0.96,0.968718466195762,1000.0,09102024_135324
accuracy,0.9039,0.9039,0.9039,0.9039,09102024_135324
macro avg,0.9068742936866708,0.9039,0.9046651869646284,10000.0,09102024_135324
weighted avg,0.9068742936866708,0.9039,0.9046651869646284,10000.0,09102024_135324
0,0.8367546432062561,0.856,0.8462679189322788,1000.0,09102024_135610
1,0.9908350305498982,0.973,0.9818365287588294,1000.0,09102024_135610
2,0.8481880509304603,0.866,0.8570014844136566,1000.0,09102024_135610
3,0.935897435897436,0.876,0.9049586776859504,1000.0,09102024_135610
4,0.8424591738712777,0.877,0.8593826555609995,1000.0,09102024_135610
5,0.9771825396825397,0.985,0.9810756972111554,1000.0,09102024_135610
6,0.7386934673366834,0.735,0.7368421052631579,1000.0,09102024_135610
7,0.961038961038961,0.962,0.96151924037981,1000.0,09102024_135610
8,0.9827235772357724,0.967,0.9747983870967742,1000.0,09102024_135610
9,0.9643211100099108,0.973,0.9686411149825784,1000.0,09102024_135610
accuracy,0.907,0.907,0.907,0.907,09102024_135610
macro avg,0.9078093989759196,0.907,0.9072323810285192,10000.0,09102024_135610
weighted avg,0.9078093989759196,0.907,0.9072323810285192,10000.0,09102024_135610
0,0.8093896713615023,0.862,0.8348668280871671,1000.0,09102024_140402
1,0.9948770491803278,0.971,0.9827935222672064,1000.0,09102024_140402
2,0.7747826086956522,0.891,0.8288372093023256,1000.0,09102024_140402
3,0.8851148851148851,0.886,0.8855572213893054,1000.0,09102024_140402
4,0.8568281938325991,0.778,0.8155136268343816,1000.0,09102024_140402
5,0.9844559585492229,0.95,0.9669211195928752,1000.0,09102024_140402
6,0.6934389140271493,0.613,0.6507430997876857,1000.0,09102024_140402
7,0.8955495004541326,0.986,0.9386006663493576,1000.0,09102024_140402
8,0.9662027833001988,0.972,0.9690927218344964,1000.0,09102024_140402
9,0.9809322033898306,0.926,0.9526748971193416,1000.0,09102024_140402
accuracy,0.8835,0.8835,0.8835,0.8835,09102024_140402
macro avg,0.8841571767905501,0.8835000000000001,0.8825600912564143,10000.0,09102024_140402
weighted avg,0.88415717679055,0.8835,0.8825600912564143,10000.0,09102024_140402
0,0.8190298507462687,0.878,0.8474903474903475,1000.0,09102024_151714
1,0.9938712972420838,0.973,0.9833249115715008,1000.0,09102024_151714
2,0.8295668549905838,0.881,0.8545101842870999,1000.0,09102024_151714
3,0.8713339640491958,0.921,0.895478852698104,1000.0,09102024_151714
4,0.8556375131717597,0.812,0.8332478193945613,1000.0,09102024_151714
5,0.9768844221105528,0.972,0.974436090225564,1000.0,09102024_151714
6,0.7376861397479955,0.644,0.6876668446342765,1000.0,09102024_151714
7,0.9390715667311412,0.971,0.9547689282202556,1000.0,09102024_151714
8,0.9682539682539684,0.976,0.9721115537848606,1000.0,09102024_151714
9,0.9732234809474768,0.945,0.958904109589041,1000.0,09102024_151714
accuracy,0.8973,0.8973,0.8973,0.8973,09102024_151714
macro avg,0.8964559057991026,0.8972999999999999,0.896193964189561,10000.0,09102024_151714
weighted avg,0.8964559057991026,0.8973,0.8961939641895611,10000.0,09102024_151714
0,0.8445378151260504,0.804,0.8237704918032787,1000.0,09102024_161819
1,0.997946611909651,0.972,0.9848024316109424,1000.0,09102024_161819
2,0.8404907975460123,0.822,0.8311425682507584,1000.0,09102024_161819
3,0.9206680584551148,0.882,0.9009193054136876,1000.0,09102024_161819
4,0.7892335766423357,0.865,0.825381679389313,1000.0,09102024_161819
5,0.9790419161676648,0.981,0.98001998001998,1000.0,09102024_161819
6,0.6673170731707317,0.684,0.6755555555555556,1000.0,09102024_161819
7,0.9590818363273452,0.961,0.96003996003996,1000.0,09102024_161819
8,0.9645669291338582,0.98,0.9722222222222222,1000.0,09102024_161819
9,0.966900702106319,0.964,0.9654481722583876,1000.0,09102024_161819
accuracy,0.8915,0.8915,0.8915,0.8915,09102024_161819
macro avg,0.8929785316585084,0.8915000000000001,0.8919302366564086,10000.0,09102024_161819
weighted avg,0.8929785316585083,0.8915,0.8919302366564085,10000.0,09102024_161819
0,0.8243105209397344,0.807,0.8155634158665993,1000.0,09102024_184624
1,0.992849846782431,0.972,0.9823143001515917,1000.0,09102024_184624
2,0.822289156626506,0.819,0.8206412825651302,1000.0,09102024_184624
3,0.8928210313447927,0.883,0.8878833584715937,1000.0,09102024_184624
4,0.7886792452830189,0.836,0.8116504854368932,1000.0,09102024_184624
5,0.974721941354904,0.964,0.9693313222724987,1000.0,09102024_184624
6,0.6666666666666666,0.652,0.6592517694641051,1000.0,09102024_184624
7,0.938953488372093,0.969,0.9537401574803149,1000.0,09102024_184624
8,0.9643916913946587,0.975,0.9696668324216807,1000.0,09102024_184624
9,0.9716312056737588,0.959,0.96527428283845,1000.0,09102024_184624
accuracy,0.8836,0.8836,0.8836,0.8836,09102024_184624
macro avg,0.8837314794438564,0.8835999999999998,0.8835317206968858,10000.0,09102024_184624
weighted avg,0.8837314794438563,0.8836,0.8835317206968859,10000.0,09102024_184624
